{"cameraMode":{"drawMode":0,"name":"Shaded","section":"Shading Mode"},"sceneLighting":true,"audioPlay":false,"sceneViewState":{"m_AlwaysRefresh":false,"showFog":true,"showSkybox":true,"showFlares":true,"showImageEffects":true,"showParticleSystems":true,"showVisualEffectGraphs":true,"m_FxEnabled":true},"in2DMode":false,"pivot":{"x":5.37061071395874,"y":4.225361347198486,"z":0.7345948219299316},"rotation":{"x":-0.03329526260495186,"y":-0.021888846531510354,"z":0.0007265731692314148,"w":-0.9992095828056336},"size":9.292314529418946,"orthographic":false}