{"cameraMode":{"drawMode":0,"name":"Shaded","section":"Shading Mode"},"sceneLighting":false,"audioPlay":false,"sceneViewState":{"m_AlwaysRefresh":false,"showFog":true,"showSkybox":true,"showFlares":true,"showImageEffects":true,"showParticleSystems":true,"showVisualEffectGraphs":true,"m_FxEnabled":true},"in2DMode":false,"pivot":{"x":2.270275354385376,"y":5.739084243774414,"z":-0.5105514526367188},"rotation":{"x":-0.00769025320187211,"y":0.008495433256030083,"z":0.0000528683012817055,"w":0.9999625086784363},"size":23.1979923248291,"orthographic":false}