{"cameraMode":{"drawMode":0,"name":"Shaded","section":"Shading Mode"},"sceneLighting":false,"audioPlay":false,"sceneViewState":{"m_AlwaysRefresh":false,"showFog":true,"showSkybox":true,"showFlares":true,"showImageEffects":true,"showParticleSystems":true,"showVisualEffectGraphs":true,"m_FxEnabled":true},"in2DMode":false,"pivot":{"x":-4.456986427307129,"y":3.2632689476013185,"z":3.8327972888946535},"rotation":{"x":0.1699017435312271,"y":0.030538810417056085,"z":-0.0052732182666659359,"w":0.984994113445282},"size":16.139585494995118,"orthographic":false}