{"cameraMode":{"drawMode":0,"name":"Shaded","section":"Shading Mode"},"sceneLighting":false,"audioPlay":false,"sceneViewState":{"m_AlwaysRefresh":false,"showFog":true,"showSkybox":true,"showFlares":true,"showImageEffects":true,"showParticleSystems":true,"showVisualEffectGraphs":true,"m_FxEnabled":true},"in2DMode":false,"pivot":{"x":0.3856942653656006,"y":17.922643661499025,"z":-0.6578311920166016},"rotation":{"x":-0.00769025320187211,"y":0.008495433256030083,"z":0.0000528683012817055,"w":0.9999625086784363},"size":18.6254940032959,"orthographic":false}