{"cameraMode":{"drawMode":0,"name":"Shaded","section":"Shading Mode"},"sceneLighting":true,"audioPlay":false,"sceneViewState":{"m_AlwaysRefresh":false,"showFog":true,"showSkybox":true,"showFlares":true,"showImageEffects":true,"showParticleSystems":true,"showVisualEffectGraphs":true,"m_FxEnabled":true},"in2DMode":false,"pivot":{"x":-9.203679084777832,"y":-0.8891122341156006,"z":28.98404884338379},"rotation":{"x":0.023998497053980829,"y":-0.0030002754647284748,"z":0.00009115736611420289,"w":0.9997481107711792},"size":25.320903778076173,"orthographic":false}