{"cameraMode":{"drawMode":0,"name":"Shaded","section":"Shading Mode"},"sceneLighting":true,"audioPlay":false,"sceneViewState":{"m_AlwaysRefresh":false,"showFog":true,"showSkybox":true,"showFlares":true,"showImageEffects":true,"showParticleSystems":true,"showVisualEffectGraphs":true,"m_FxEnabled":true},"in2DMode":false,"pivot":{"x":17.86398696899414,"y":-7.88460111618042,"z":11.534725189208985},"rotation":{"x":-0.06475023180246353,"y":0.02305065281689167,"z":-0.0014986693859100342,"w":-0.9976911544799805},"size":19.819276809692384,"orthographic":false}