{"cameraMode":{"drawMode":0,"name":"Shaded","section":"Shading Mode"},"sceneLighting":true,"audioPlay":false,"sceneViewState":{"m_AlwaysRefresh":false,"showFog":true,"showSkybox":false,"showFlares":true,"showImageEffects":true,"showParticleSystems":true,"showVisualEffectGraphs":true,"m_FxEnabled":true},"in2DMode":false,"pivot":{"x":78.70698547363281,"y":-2.3448572158813478,"z":17.557119369506837},"rotation":{"x":0.004500105045735836,"y":0.0030000668484717609,"z":-0.000013724868949793745,"w":0.9999911785125732},"size":24.82476043701172,"orthographic":true}